kit_id,type,pco2,pch4,pn2o,pco2_c,pch4_c,pn2o_c,transect_location,delta_do_hr,d_pco2,d_pch4,d_pn2o,bulk_density_g_cm3,gwc_perc,loi_perc,soil_ph,soil_cond,tn_perc,tc_perc,horizon,horizon_des,horizon_num,region,latitude,longitude,water_macrophytes_algae,macro_algae_num,water_systemtype,water_systemtype_num,sediment_color,inferred_munsell_color,inferred_munsell_color_string,color_hex,color_r,color_g,color_b
K018,dry,6323.06087,1.979843478,0.359373913,6323.06087,1.979843478,0.359373913,Sediment,0.5715116908342763,-3604.796163682864,-1.9798434782608696,-0.1952065012787722,NA,18,0,NA,NA,NA,NA,NA,NA,NA,NA,NA,NA,NA,NA,NA,NA,NA,NA,NA,NA,NA,NA,NA
K018,wet,4279.5,0.666,1.227,2718.264706,0,0.164167412,Sediment,0.5715116908342763,-3604.796163682864,-1.9798434782608696,-0.1952065012787722,NA,18,0,NA,NA,NA,NA,NA,NA,NA,NA,NA,NA,NA,NA,NA,NA,NA,NA,NA,NA,NA,NA,NA
K018,dry,9616.459627,1.92052795,1.178043478,9616.459627,1.92052795,1.178043478,Transition,0.3424971155988647,-1734.4885722404906,-1.9205279503105588,-1.1780434782608695,0.9931889427224634,58,6,4.91,6310,0.23,3.19,Organic,H,1,Chesapeake Bay,37.2192,-76.4136,None,1,Estuary,2,Light Chocolate,Brown,10YR5/3,#8D765A,141,118,90
K018,wet,9443.206349,0.551865079,0.99331746,7881.971055,0,0,Transition,0.3424971155988647,-1734.4885722404906,-1.9205279503105588,-1.1780434782608695,0.9931889427224634,58,6,4.91,6310,0.23,3.19,Organic,H,1,Chesapeake Bay,37.2192,-76.4136,None,1,Estuary,2,Light Chocolate,Brown,10YR5/3,#8D765A,141,118,90
K018,dry,61930.60606,1.575939394,15.558,61930.60606,1.575939394,15.558,Upland,1.2033642126852215,NA,NA,NA,0.4171122994652407,87,28,5.29,2490,1.47,10.82,Organic,H,1,Chesapeake Bay,37.2192,-76.4136,None,1,Estuary,2,Light Chocolate,Brown,10YR5/3,#8D765A,141,118,90
K018,dry,2175.607143,2.349428571,0.462285714,2175.607143,2.349428571,0.462285714,Wetland,0.28914298015106427,2600.6575630252105,-1.0189991596638652,1.145331697478992,1.489553422561312,37,2,6.16,1370,0.09,1.04,Mineral,H,1,Chesapeake Bay,37.2192,-76.4136,None,1,Estuary,2,Light Chocolate,Brown,10YR5/3,#8D765A,141,118,90
K018,wet,6337.5,2.0865,2.67045,4776.264706,1.330429412,1.607617412,Wetland,0.28914298015106427,2600.6575630252105,-1.0189991596638652,1.145331697478992,1.489553422561312,37,2,6.16,1370,0.09,1.04,Mineral,H,1,Chesapeake Bay,37.2192,-76.4136,None,1,Estuary,2,Light Chocolate,Brown,10YR5/3,#8D765A,141,118,90
K025,dry,8868.330928,1.313424723,6.276863877,8868.330928,1.313424723,6.276863877,Sediment,0.40136713309302746,15554.933777551425,-0.8934953116600176,20.965303534900826,NA,38,6,NA,NA,NA,NA,NA,NA,NA,NA,NA,NA,NA,NA,NA,NA,NA,NA,NA,NA,NA,NA,NA
K025,dry,25682.85714,1.951138716,11.91055901,25682.85714,1.951138716,11.91055901,Transition,3.0232248312177963,2856.1297852474345,-1.951138716356108,58.48883062777575,0.4058608058608059,173,29,5.82,848,0.62,7.71,Organic,A,3,Chesapeake Bay,38.8873,-76.5621,None,1,Tidal River,1,"Black, Grey, Reddish, Light Chocolate",Dark Reddish Gray,5YR4/2,#715C4F,113,92,79
K025,dry,39478.37945,0.707747036,0.833007905,39478.37945,0.707747036,0.833007905,Upland,0.6911250767478809,-16464.96791536114,0.022491900001107457,-0.25653890607204644,0.701639344262295,22,19,4.25,105,0.42,6.27,Mineral,A,3,Chesapeake Bay,38.8873,-76.5621,None,1,Tidal River,1,"Black, Grey, Reddish, Light Chocolate",Dark Reddish Gray,5YR4/2,#715C4F,113,92,79
K025,dry,30351.28788,4.454393939,0.994393939,30351.28788,4.454393939,0.994393939,Wetland,3.8586959046096534,-12113.618652323508,-1.7067819321809057,3.1470414738631174,0.4655015123101817,150,17,6.42,655,0.32,3.59,Organic,A,3,Chesapeake Bay,38.8873,-76.5621,None,1,Tidal River,1,"Black, Grey, Reddish, Light Chocolate",Dark Reddish Gray,5YR4/2,#715C4F,113,92,79
K025,wet,25984.5,1.176,28.305,24423.26471,0.419929412,27.24216741,Sediment,0.40136713309302746,15554.933777551425,-0.8934953116600176,20.965303534900826,NA,38,6,NA,NA,NA,NA,NA,NA,NA,NA,NA,NA,NA,NA,NA,NA,NA,NA,NA,NA,NA,NA,NA
K025,wet,30100.22222,0.362661111,71.46222222,28538.98693,0,70.39938963,Transition,3.0232248312177963,2856.1297852474345,-1.951138716356108,58.48883062777575,0.4058608058608059,173,29,5.82,848,0.62,7.71,Organic,A,3,Chesapeake Bay,38.8873,-76.5621,None,1,Tidal River,1,"Black, Grey, Reddish, Light Chocolate",Dark Reddish Gray,5YR4/2,#715C4F,113,92,79
K025,wet,24574.64683,1.486309524,1.639301587,23013.41153,0.730238936,0.576468999,Upland,0.6911250767478809,-16464.96791536114,0.022491900001107457,-0.25653890607204644,0.701639344262295,22,19,4.25,105,0.42,6.27,Mineral,A,3,Chesapeake Bay,38.8873,-76.5621,None,1,Tidal River,1,"Black, Grey, Reddish, Light Chocolate",Dark Reddish Gray,5YR4/2,#715C4F,113,92,79
K025,wet,19798.90452,3.503682595,5.204268001,18237.66923,2.747612007,4.141435413,Wetland,3.8586959046096534,-12113.618652323508,-1.7067819321809057,3.1470414738631174,0.4655015123101817,150,17,6.42,655,0.32,3.59,Organic,A,3,Chesapeake Bay,38.8873,-76.5621,None,1,Tidal River,1,"Black, Grey, Reddish, Light Chocolate",Dark Reddish Gray,5YR4/2,#715C4F,113,92,79
K015,dry,8801.25,2.5775,1.2675,8801.25,2.5775,1.2675,Sediment,72.1495991688935,-2809.0955425648517,-2.5775,-1.2675,NA,213,17,NA,NA,NA,NA,NA,NA,NA,NA,NA,NA,NA,NA,NA,NA,NA,NA,NA,NA,NA,NA,NA
K015,wet,7553.389752,0.534507764,0.634975155,5992.154457,0,0,Sediment,72.1495991688935,-2809.0955425648517,-2.5775,-1.2675,NA,213,17,NA,NA,NA,NA,NA,NA,NA,NA,NA,NA,NA,NA,NA,NA,NA,NA,NA,NA,NA,NA,NA
K015,dry,9927.257143,7.301714286,1.574857143,9927.257143,7.301714286,1.574857143,Transition,62.10524210484208,10406.257563025209,-5.549034873949578,6.913560268907563,0.939766081871345,71,10,5.36,343,0.17,2.48,Organic,O,2,Chesapeake Bay,37.4147,-76.7161,None,1,Estuary,2,"Black, Grey",Dark Gray,10YR4/1,#675F55,103,95,85
K015,wet,21894.75,2.50875,9.55125,20333.51471,1.752679412,8.488417412,Transition,62.10524210484208,10406.257563025209,-5.549034873949578,6.913560268907563,0.939766081871345,71,10,5.36,343,0.17,2.48,Organic,O,2,Chesapeake Bay,37.4147,-76.7161,None,1,Estuary,2,"Black, Grey",Dark Gray,10YR4/1,#675F55,103,95,85
K015,dry,208251.0714,13.675,23.32071429,208251.0714,13.675,23.32071429,Upland,0.3044477441168235,-174226.23854087092,-13.675,0.0780440351413283,0.9056465805097804,34,10,5.92,77,0.38,6.53,Organic,O,2,Chesapeake Bay,37.4147,-76.7161,None,1,Estuary,2,"Black, Grey",Dark Gray,10YR4/1,#675F55,103,95,85
K015,wet,35586.06818,0.319772727,24.46159091,34024.83289,0,23.39875832,Upland,0.3044477441168235,-174226.23854087092,-13.675,0.0780440351413283,0.9056465805097804,34,10,5.92,77,0.38,6.53,Organic,O,2,Chesapeake Bay,37.4147,-76.7161,None,1,Estuary,2,"Black, Grey",Dark Gray,10YR4/1,#675F55,103,95,85
K015,dry,4407.757576,0.615545455,2.751060606,4407.757576,0.615545455,2.751060606,Wetland,3.303568587178433,7945.221415839063,-0.6155454545454545,-2.303320972073678,0.22177246038479376,223,20,NA,NA,0.53,6.37,Organic,O,2,Chesapeake Bay,37.4147,-76.7161,None,1,Estuary,2,"Black, Grey",Dark Gray,10YR4/1,#675F55,103,95,85
K015,wet,13914.21429,0.604079365,1.510572222,12352.97899,0,0.447739634,Wetland,3.303568587178433,7945.221415839063,-0.6155454545454545,-2.303320972073678,0.22177246038479376,223,20,NA,NA,0.53,6.37,Organic,O,2,Chesapeake Bay,37.4147,-76.7161,None,1,Estuary,2,"Black, Grey",Dark Gray,10YR4/1,#675F55,103,95,85
K017,dry,14993.07692,0.830769231,6.807692308,14993.07692,0.830769231,6.807692308,Sediment,132.80444948143352,1168.1877828054294,1.1446601809954748,0.8114751040723993,NA,201,12,NA,NA,NA,NA,NA,NA,NA,NA,NA,NA,NA,NA,NA,NA,NA,NA,NA,NA,NA,NA,NA
K017,wet,17722.5,2.7315,8.682,16161.26471,1.975429412,7.619167412,Sediment,132.80444948143352,1168.1877828054294,1.1446601809954748,0.8114751040723993,NA,201,12,NA,NA,NA,NA,NA,NA,NA,NA,NA,NA,NA,NA,NA,NA,NA,NA,NA,NA,NA,NA,NA
K017,dry,39567.27273,3.190909091,7.565454545,39567.27273,3.190909091,7.565454545,Transition,0.25071910670536846,-14049.008021390375,-3.1909090909090905,1.7862128663101648,0.7048648648648649,85,14,5.29,431,0.33,3.98,Mineral,NA,NA,Chesapeake Bay,37.5678,-76.8867,None,1,Estuary,2,Grey,Gray,10YR5/1,#80786F,128,120,111
K017,wet,27079.5,0.3345,10.4145,25518.26471,0,9.351667412,Transition,0.25071910670536846,-14049.008021390375,-3.1909090909090905,1.7862128663101648,0.7048648648648649,85,14,5.29,431,0.33,3.98,Mineral,NA,NA,Chesapeake Bay,37.5678,-76.8867,None,1,Estuary,2,Grey,Gray,10YR5/1,#80786F,128,120,111
K017,dry,51627.27273,0.381818182,9.790909091,51627.27273,0.381818182,9.790909091,Upland,0.45135715164206097,-17611.25652854517,-0.38181818181818183,-1.675655767260249,0.7537037037037037,8,9,5.29,33.8,0.34,5.85,Mineral,H,1,Chesapeake Bay,37.5678,-76.8867,None,1,Estuary,2,Grey,Gray,10YR5/1,#80786F,128,120,111
K017,wet,35577.25149,0.354227522,9.178085912,34016.0162,0,8.115253324,Upland,0.45135715164206097,-17611.25652854517,-0.38181818181818183,-1.675655767260249,0.7537037037037037,8,9,5.29,33.8,0.34,5.85,Mineral,H,1,Chesapeake Bay,37.5678,-76.8867,None,1,Estuary,2,Grey,Gray,10YR5/1,#80786F,128,120,111
K017,dry,11980,9.1,1.775,11980,9.1,1.775,Wetland,44.95392893707192,5775.764705882353,-2.803070588235294,-1.775,0.18249158249158248,494,25,NA,NA,0.64,6.67,Organic,H,1,Chesapeake Bay,37.5678,-76.8867,None,1,Estuary,2,Grey,Gray,10YR5/1,#80786F,128,120,111
K017,wet,19317,7.053,0.83415,17755.76471,6.296929412,0,Wetland,44.95392893707192,5775.764705882353,-2.803070588235294,-1.775,0.18249158249158248,494,25,NA,NA,0.64,6.67,Organic,H,1,Chesapeake Bay,37.5678,-76.8867,None,1,Estuary,2,Grey,Gray,10YR5/1,#80786F,128,120,111
K022,dry,23707.12215,5.881076605,1.330600414,23707.12215,5.881076605,1.330600414,Sediment,NA,-15102.857447326758,-4.30149719279016,-1.330600414078675,NA,451,24,NA,NA,NA,NA,NA,NA,NA,NA,NA,NA,NA,NA,NA,NA,NA,NA,NA,NA,NA,NA,NA
K022,wet,10165.5,2.33565,0.9735,8604.264706,1.579579412,0,Sediment,NA,-15102.857447326758,-4.30149719279016,-1.330600414078675,NA,451,24,NA,NA,NA,NA,NA,NA,NA,NA,NA,NA,NA,NA,NA,NA,NA,NA,NA,NA,NA,NA,NA
K022,dry,20343.65714,0.918089697,7.020441558,20343.65714,0.918089697,7.020441558,Transition,0.11002514263148123,756.9030175706648,-0.9180896969696968,13.087862216959511,0.2262693156732892,353,37,NA,NA,2,NA,Organic,A,3,Great Lakes,41.4629,-82.9971,Both,4,Lacestuary,3,Dark Chocolate,Dark Brown,10YR3/3,#58442C,88,68,44
K022,wet,22661.79545,0.374406818,21.17113636,21100.56016,0,20.10830378,Transition,0.11002514263148123,756.9030175706648,-0.9180896969696968,13.087862216959511,0.2262693156732892,353,37,NA,NA,2,NA,Organic,A,3,Great Lakes,41.4629,-82.9971,Both,4,Lacestuary,3,Dark Chocolate,Dark Brown,10YR3/3,#58442C,88,68,44
K022,dry,66830.43478,1.66,9.327652174,66830.43478,1.66,9.327652174,Upland,0.18481857281053085,-46819.23356878984,-1.66,-9.327652173913044,0.7240506329113923,58,15,5.63,95.7,0.72,10.67,Organic,A,3,Great Lakes,41.4629,-82.9971,Both,4,Lacestuary,3,Dark Chocolate,Dark Brown,10YR3/3,#58442C,88,68,44
K022,wet,21572.43651,0.45784127,0.501486508,20011.20121,0,0,Upland,0.18481857281053085,-46819.23356878984,-1.66,-9.327652173913044,0.7240506329113923,58,15,5.63,95.7,0.72,10.67,Organic,A,3,Great Lakes,41.4629,-82.9971,Both,4,Lacestuary,3,Dark Chocolate,Dark Brown,10YR3/3,#58442C,88,68,44
K022,dry,15207.57246,5.770507246,1.537862319,15207.57246,5.770507246,1.537862319,Wetland,2.1149559384179497,6167.692242114237,3.746922165387894,-1.4756949070758738,0.3825622775800712,181,16,NA,NA,1.27,10.39,Organic,A,3,Great Lakes,41.4629,-82.9971,Both,4,Lacestuary,3,Dark Chocolate,Dark Brown,10YR3/3,#58442C,88,68,44
K022,wet,22936.5,10.2735,1.125,21375.26471,9.517429412,0.062167412,Wetland,2.1149559384179497,6167.692242114237,3.746922165387894,-1.4756949070758738,0.3825622775800712,181,16,NA,NA,1.27,10.39,Organic,A,3,Great Lakes,41.4629,-82.9971,Both,4,Lacestuary,3,Dark Chocolate,Dark Brown,10YR3/3,#58442C,88,68,44
K037,dry,6661.304348,5.966521739,0.4,6661.304348,5.966521739,0.4,Sediment,70.72506576821895,5402.230199326107,-5.9013780416514425,4.851453126050419,NA,211,14,NA,NA,NA,NA,NA,NA,NA,NA,NA,NA,NA,NA,NA,NA,NA,NA,NA,NA,NA,NA,NA
K037,wet,13624.76984,0.821214286,6.314285714,12063.53455,0.065143697,5.251453126,Sediment,70.72506576821895,5402.230199326107,-5.9013780416514425,4.851453126050419,NA,211,14,NA,NA,NA,NA,NA,NA,NA,NA,NA,NA,NA,NA,NA,NA,NA,NA,NA,NA,NA,NA,NA
K037,dry,42320.47619,1.968571429,13.5502381,42320.47619,1.968571429,13.5502381,Wetland,19.92507300671734,-26145.1781084706,-1.5446407331096754,-12.21574526627185,0.2857534246575343,265,19,6.52,325,0.55,5.32,Organic,O,2,Chesapeake Bay,37.5569,-76.9731,None,1,NA,NA,Dark Chocolate,Dark Brown,10YR3/3,#58442C,88,68,44
K037,wet,17736.53338,1.180001284,2.397325417,16175.29808,0.423930695,1.334492829,Wetland,19.92507300671734,-26145.1781084706,-1.5446407331096754,-12.21574526627185,0.2857534246575343,265,19,6.52,325,0.55,5.32,Organic,O,2,Chesapeake Bay,37.5569,-76.9731,None,1,NA,NA,Dark Chocolate,Dark Brown,10YR3/3,#58442C,88,68,44
K021,dry,28860,3.372272727,0.195681818,28860,3.372272727,0.195681818,Sediment,176.5908227278485,-15424.651960784313,111.46082335115862,16.291485593582888,NA,206,15,NA,NA,NA,NA,NA,NA,NA,NA,NA,NA,NA,NA,NA,NA,NA,NA,NA,NA,NA,NA,NA
K021,wet,14996.58333,115.5891667,17.55,13435.34804,114.8330961,16.48716741,Sediment,176.5908227278485,-15424.651960784313,111.46082335115862,16.291485593582888,NA,206,15,NA,NA,NA,NA,NA,NA,NA,NA,NA,NA,NA,NA,NA,NA,NA,NA,NA,NA,NA,NA,NA
K021,dry,28067.15909,1.336477273,3.268977273,28067.15909,1.336477273,3.268977273,Transition,1.4828696741895522,-16110.894385026737,-1.336477272727273,137.47902347237076,0.28189189189189184,270,33,5.52,743,1.05,11.58,Organic,A,3,Great Lakes,41.6056,-83.1526,Both,4,Lacestuary,3,Dark Chocolate,Dark Brown,10YR3/3,#58442C,88,68,44
K021,wet,13517.5,0.171375,141.8108333,11956.26471,0,140.7480007,Transition,1.4828696741895522,-16110.894385026737,-1.336477272727273,137.47902347237076,0.28189189189189184,270,33,5.52,743,1.05,11.58,Organic,A,3,Great Lakes,41.6056,-83.1526,Both,4,Lacestuary,3,Dark Chocolate,Dark Brown,10YR3/3,#58442C,88,68,44
K021,dry,7969.617391,0.720506087,1.103165217,7969.617391,0.720506087,1.103165217,Upland,0.6135046131859841,-3676.3526854219945,-0.6330516751918159,12.006752194373405,0.689763779527559,27,12,5.72,272,0.56,7.43,Organic,A,3,Great Lakes,41.6056,-83.1526,Both,4,Lacestuary,3,Dark Chocolate,Dark Brown,10YR3/3,#58442C,88,68,44
K021,wet,5854.5,0.843525,14.17275,4293.264706,0.087454412,13.10991741,Upland,0.6135046131859841,-3676.3526854219945,-0.6330516751918159,12.006752194373405,0.689763779527559,27,12,5.72,272,0.56,7.43,Organic,A,3,Great Lakes,41.6056,-83.1526,Both,4,Lacestuary,3,Dark Chocolate,Dark Brown,10YR3/3,#58442C,88,68,44
K021,dry,14141.20553,1.228399209,0.683608696,14141.20553,1.228399209,0.683608696,Wetland,1.2373731647608692,-6111.964637238292,-1.1511364643881268,20.83451109706491,0.22560556463835815,305,26,6.66,244,0.81,7.45,Organic,NA,NA,Great Lakes,41.6056,-83.1526,Both,4,Lacestuary,3,Dark Chocolate,Dark Brown,10YR3/3,#58442C,88,68,44
K021,wet,9590.47619,0.833333333,22.58095238,8029.240896,0.077262745,21.51811979,Wetland,1.2373731647608692,-6111.964637238292,-1.1511364643881268,20.83451109706491,0.22560556463835815,305,26,6.66,244,0.81,7.45,Organic,NA,NA,Great Lakes,41.6056,-83.1526,Both,4,Lacestuary,3,Dark Chocolate,Dark Brown,10YR3/3,#58442C,88,68,44
K050,dry,4571.116402,1.663730159,0.711465608,4571.116402,1.663730159,0.711465608,Sediment,0.2304239967990055,6877.148303765949,-0.7848007469654527,20.733201803299096,NA,29,0,NA,NA,NA,NA,NA,NA,NA,NA,NA,NA,NA,NA,NA,NA,NA,NA,NA,NA,NA,NA,NA
K050,wet,13009.5,1.635,22.5075,11448.26471,0.878929412,21.44466741,Sediment,0.2304239967990055,6877.148303765949,-0.7848007469654527,20.733201803299096,NA,29,0,NA,NA,NA,NA,NA,NA,NA,NA,NA,NA,NA,NA,NA,NA,NA,NA,NA,NA,NA,NA,NA
K050,dry,18885.13333,0.925066667,1.688066667,18885.13333,0.925066667,1.688066667,Transition,0.1193785378849861,7212.881372549022,1.3304877450980386,38.46910074509804,0.9210843373493977,66,7,6.06,38.1,0.15,2.36,Mineral,H,1,Chesapeake Bay,37.3344,-77.2072,Both,4,Tidal River,1,Light Chocolate,Brown,10YR5/3,#8D765A,141,118,90
K050,wet,27659.25,3.011625,41.22,26098.01471,2.255554412,40.15716741,Transition,0.1193785378849861,7212.881372549022,1.3304877450980386,38.46910074509804,0.9210843373493977,66,7,6.06,38.1,0.15,2.36,Mineral,H,1,Chesapeake Bay,37.3344,-77.2072,Both,4,Tidal River,1,Light Chocolate,Brown,10YR5/3,#8D765A,141,118,90
K050,dry,87399.3083,2.375217391,0.352173913,87399.3083,2.375217391,0.352173913,Upland,1.3134385637545387,-77475.22613419546,-2.375217391304348,-0.3521739130434783,NA,NA,NA,3.93,167,1.38,35.14,Organic,H,1,Chesapeake Bay,37.3344,-77.2072,Both,4,Tidal River,1,Light Chocolate,Brown,10YR5/3,#8D765A,141,118,90
K050,wet,11485.31746,0.114948413,0.143321429,9924.082166,0,0,Upland,1.3134385637545387,-77475.22613419546,-2.375217391304348,-0.3521739130434783,NA,NA,NA,3.93,167,1.38,35.14,Organic,H,1,Chesapeake Bay,37.3344,-77.2072,Both,4,Tidal River,1,Light Chocolate,Brown,10YR5/3,#8D765A,141,118,90
K050,dry,23903.01282,2.189205128,0.235375,23903.01282,2.189205128,0.235375,Wetland,185.7624768330244,8480.544613313421,18.492785007073792,21.772803431676547,0.2144,400,31,NA,NA,0.65,6.82,Organic,NA,NA,Chesapeake Bay,37.3344,-77.2072,Both,4,Tidal River,1,Light Chocolate,Brown,10YR5/3,#8D765A,141,118,90
K050,wet,33944.79273,21.43806072,23.07101102,32383.55743,20.68199014,22.00817843,Wetland,185.7624768330244,8480.544613313421,18.492785007073792,21.772803431676547,0.2144,400,31,NA,NA,0.65,6.82,Organic,NA,NA,Chesapeake Bay,37.3344,-77.2072,Both,4,Tidal River,1,Light Chocolate,Brown,10YR5/3,#8D765A,141,118,90
K019,dry,6460,1.540105769,0.459807692,6460,1.540105769,0.459807692,Sediment,0.07890802262914881,-1563.7352941176468,4.659323642533936,2.2843597194570138,NA,21,1,NA,NA,NA,NA,NA,NA,NA,NA,NA,NA,NA,NA,NA,NA,NA,NA,NA,NA,NA,NA,NA
K019,wet,6457.5,6.9555,3.807,4896.264706,6.199429412,2.744167412,Sediment,0.07890802262914881,-1563.7352941176468,4.659323642533936,2.2843597194570138,NA,21,1,NA,NA,NA,NA,NA,NA,NA,NA,NA,NA,NA,NA,NA,NA,NA,NA,NA,NA,NA,NA,NA
K019,dry,31508.18182,2.936590909,21.80236364,31508.18182,2.936590909,21.80236364,Transition,0.9667491717851684,-26388.417112299463,-2.4461614973262034,-17.35719622459893,1.3174242424242424,34,4,6.15,75.9,0.06,1.72,Organic,A,3,Great Lakes,46.6533,-92.2266,None,1,Lacestuary,3,"Reddish, Light Chocolate",Reddish Brown,5YR4/3,#785947,120,89,71
K019,wet,6681,1.2465,5.508,5119.764706,0.490429412,4.445167412,Transition,0.9667491717851684,-26388.417112299463,-2.4461614973262034,-17.35719622459893,1.3174242424242424,34,4,6.15,75.9,0.06,1.72,Organic,A,3,Great Lakes,46.6533,-92.2266,None,1,Lacestuary,3,"Reddish, Light Chocolate",Reddish Brown,5YR4/3,#785947,120,89,71
K019,dry,47673.14286,1.976778571,33.97571429,47673.14286,1.976778571,33.97571429,Upland,0.35290277555148797,NA,NA,NA,0.48907436627904854,NA,NA,5.7,128,0.64,7.63,Organic,A,3,Great Lakes,46.6533,-92.2266,None,1,Lacestuary,3,"Reddish, Light Chocolate",Reddish Brown,5YR4/3,#785947,120,89,71
K019,dry,5706.214286,2.118785714,0.698857143,5706.214286,2.118785714,0.698857143,Wetland,0.09419446955035238,-5706.214285714286,-2.118785714285714,0.8114102689075631,1.5644767139048492,12,1,6.94,79.9,NA,0.63,Mineral,NA,NA,Great Lakes,46.6533,-92.2266,None,1,Lacestuary,3,"Reddish, Light Chocolate",Reddish Brown,5YR4/3,#785947,120,89,71
K019,wet,1437,0.3891,2.5731,0,0,1.510267412,Wetland,0.09419446955035238,-5706.214285714286,-2.118785714285714,0.8114102689075631,1.5644767139048492,12,1,6.94,79.9,NA,0.63,Mineral,NA,NA,Great Lakes,46.6533,-92.2266,None,1,Lacestuary,3,"Reddish, Light Chocolate",Reddish Brown,5YR4/3,#785947,120,89,71
K026,dry,18513.87879,3.806712121,1.495651515,18513.87879,3.806712121,1.495651515,Sediment,23.48894970487532,-14869.064081996434,-3.806712121212121,-1.4956515151515153,NA,149,9,NA,NA,NA,NA,NA,NA,NA,NA,NA,NA,NA,NA,NA,NA,NA,NA,NA,NA,NA,NA,NA
K026,wet,5206.05,0.55305,0.48645,3644.814706,0,0,Sediment,23.48894970487532,-14869.064081996434,-3.806712121212121,-1.4956515151515153,NA,149,9,NA,NA,NA,NA,NA,NA,NA,NA,NA,NA,NA,NA,NA,NA,NA,NA,NA,NA,NA,NA,NA
K026,dry,36263.78137,2.39322236,1.342393375,36263.78137,2.39322236,1.342393375,Transition,0.5130700731906171,-30732.06957063019,-2.15118183737263,-1.15214659789713,0.3845016033944153,54,34,5.21,379,1.08,11.47,NA,A,3,Chesapeake Bay,37.7106,-75.6117,None,1,Tidal River,1,Light Chocolate,Brown,10YR5/3,#8D765A,141,118,90
K026,wet,7092.94709,0.998111111,1.253079365,5531.711796,0.242040523,0.190246777,Transition,0.5130700731906171,-30732.06957063019,-2.15118183737263,-1.15214659789713,0.3845016033944153,54,34,5.21,379,1.08,11.47,NA,A,3,Chesapeake Bay,37.7106,-75.6117,None,1,Tidal River,1,Light Chocolate,Brown,10YR5/3,#8D765A,141,118,90
K026,dry,3898.344498,3.984828708,3.32283445,3898.344498,3.984828708,3.32283445,Upland,0.17862078782907714,2411.806571911061,-3.9848287081339713,88.84615114382211,1.5527272727272727,10,2,NA,NA,0.17,2.23,NA,H,1,Chesapeake Bay,37.7106,-75.6117,None,1,Tidal River,1,Light Chocolate,Brown,10YR5/3,#8D765A,141,118,90
K026,wet,7871.386364,0.539311364,93.23181818,6310.15107,0,92.16898559,Upland,0.17862078782907714,2411.806571911061,-3.9848287081339713,88.84615114382211,1.5527272727272727,10,2,NA,NA,0.17,2.23,NA,H,1,Chesapeake Bay,37.7106,-75.6117,None,1,Tidal River,1,Light Chocolate,Brown,10YR5/3,#8D765A,141,118,90
K026,dry,7898.860606,4.325972727,0.59839697,7898.860606,4.325972727,0.59839697,Wetland,41.60689448277742,538.2279914972796,-3.876159898575357,-0.5983969696969696,0.5838742003914112,160,15,5.99,9830,0.36,4.19,NA,A,3,Chesapeake Bay,37.7106,-75.6117,None,1,Tidal River,1,Light Chocolate,Brown,10YR5/3,#8D765A,141,118,90
K026,wet,9998.323892,1.205883417,0.557603547,8437.088598,0.449812829,0,Wetland,41.60689448277742,538.2279914972796,-3.876159898575357,-0.5983969696969696,0.5838742003914112,160,15,5.99,9830,0.36,4.19,NA,A,3,Chesapeake Bay,37.7106,-75.6117,None,1,Tidal River,1,Light Chocolate,Brown,10YR5/3,#8D765A,141,118,90
K034,dry,4885.244755,3.920839161,0.259958042,4885.244755,3.920839161,0.259958042,Sediment,177.19081872787513,21551.019950637598,-0.232409749074455,-0.032790630193335946,NA,209,18,NA,NA,NA,NA,NA,NA,NA,NA,NA,NA,NA,NA,NA,NA,NA,NA,NA,NA,NA,NA,NA
K034,wet,27997.5,4.4445,1.29,26436.26471,3.688429412,0.227167412,Sediment,177.19081872787513,21551.019950637598,-0.232409749074455,-0.032790630193335946,NA,209,18,NA,NA,NA,NA,NA,NA,NA,NA,NA,NA,NA,NA,NA,NA,NA,NA,NA,NA,NA,NA,NA
K034,dry,34544.49524,0.676761905,1.780342857,34544.49524,0.676761905,1.780342857,Transition,0.31987086710169715,-18974.23053221289,-0.6767619047619048,0.5888245546218489,0.2170542635658915,416,32,NA,NA,0.88,9.45,Organic,A,3,Chesapeake Bay,38.7746,-75.9752,None,1,Estuary,2,Grey,Gray,10YR5/1,#80786F,128,120,111
K034,wet,17131.5,0.61515,3.432,15570.26471,0,2.369167412,Transition,0.31987086710169715,-18974.23053221289,-0.6767619047619048,0.5888245546218489,0.2170542635658915,416,32,NA,NA,0.88,9.45,Organic,A,3,Chesapeake Bay,38.7746,-75.9752,None,1,Estuary,2,Grey,Gray,10YR5/1,#80786F,128,120,111
K034,dry,10980.66957,0.905149275,7.603511594,10980.66957,0.905149275,7.603511594,Upland,0.22542663006319527,17784.506034832353,-0.9051492753623188,521.6137546858616,0.9067567567567566,48,10,6.58,390,0.66,9.8,Organic,A,3,Chesapeake Bay,38.7746,-75.9752,None,1,Estuary,2,Grey,Gray,10YR5/1,#80786F,128,120,111
K034,wet,30326.41089,0.086087082,530.2800989,28765.1756,0,529.2172663,Upland,0.22542663006319527,17784.506034832353,-0.9051492753623188,521.6137546858616,0.9067567567567566,48,10,6.58,390,0.66,9.8,Organic,A,3,Chesapeake Bay,38.7746,-75.9752,None,1,Estuary,2,Grey,Gray,10YR5/1,#80786F,128,120,111
K034,dry,41810.30903,1.034623411,1.25458194,41810.30903,1.034623411,1.25458194,Wetland,113.18905675786036,-18033.016517573997,-0.435147219037222,1.9421027407470852,0.3292479108635098,259,22,6.34,1180,0.73,6.93,Organic,A,3,Chesapeake Bay,38.7746,-75.9752,None,1,Estuary,2,Grey,Gray,10YR5/1,#80786F,128,120,111
K034,wet,25338.52781,1.355546781,4.259517269,23777.29251,0.599476192,3.196684681,Wetland,113.18905675786036,-18033.016517573997,-0.435147219037222,1.9421027407470852,0.3292479108635098,259,22,6.34,1180,0.73,6.93,Organic,A,3,Chesapeake Bay,38.7746,-75.9752,None,1,Estuary,2,Grey,Gray,10YR5/1,#80786F,128,120,111
K030,dry,7759.5,3.267,0.94775,7759.5,3.267,0.94775,Sediment,48.353260059122285,1079.3101604278072,-3.2670000000000003,-0.94775,NA,297,17,NA,NA,NA,NA,NA,NA,NA,NA,NA,NA,NA,NA,NA,NA,NA,NA,NA,NA,NA,NA,NA
K030,wet,10400.04545,0.568755682,0.913772727,8838.81016,0,0,Sediment,48.353260059122285,1079.3101604278072,-3.2670000000000003,-0.94775,NA,297,17,NA,NA,NA,NA,NA,NA,NA,NA,NA,NA,NA,NA,NA,NA,NA,NA,NA,NA,NA,NA,NA
K030,dry,73025.71429,1.457142857,0.121714286,73025.71429,1.457142857,0.121714286,Upland,2.1156678548561274,-16886.94957983194,-1.2021023342670403,19.615453126050422,0.17667998401482693,81,78,NA,NA,1.56,27.84,Organic,A,3,Chesapeake Bay,39.0884,-75.4374,None,1,Tidal River,1,"Black, Grey",Dark Gray,10YR4/1,#675F55,103,95,85
K030,wet,57700,1.011111111,20.8,56138.76471,0.255040523,19.73716741,Upland,2.1156678548561274,-16886.94957983194,-1.2021023342670403,19.615453126050422,0.17667998401482693,81,78,NA,NA,1.56,27.84,Organic,A,3,Chesapeake Bay,39.0884,-75.4374,None,1,Tidal River,1,"Black, Grey",Dark Gray,10YR4/1,#675F55,103,95,85
K030,dry,6801.704545,1.394090909,1.689659091,6801.704545,1.394090909,1.689659091,Wetland,0.21854460941943263,8878.708587240395,-1.394090909090909,-1.689659090909091,0.48404429371361424,170,14,5.93,4850,0.54,5.49,Organic,O,2,Chesapeake Bay,39.0884,-75.4374,None,1,Tidal River,1,"Black, Grey",Dark Gray,10YR4/1,#675F55,103,95,85
K030,wet,17241.64843,0.502569767,0.538062927,15680.41313,0,0,Wetland,0.21854460941943263,8878.708587240395,-1.394090909090909,-1.689659090909091,0.48404429371361424,170,14,5.93,4850,0.54,5.49,Organic,O,2,Chesapeake Bay,39.0884,-75.4374,None,1,Tidal River,1,"Black, Grey",Dark Gray,10YR4/1,#675F55,103,95,85
K059,dry,10020.60606,3.427954545,0.283181818,10020.60606,3.427954545,0.283181818,Sediment,6.295386099851279,-3215.174688057039,-3.4279545454545453,-0.28318181818181815,NA,302,29,NA,NA,NA,NA,NA,NA,NA,NA,NA,NA,NA,NA,NA,NA,NA,NA,NA,NA,NA,NA,NA
K059,wet,8366.666667,0.729761905,0.895238095,6805.431373,0,0,Sediment,6.295386099851279,-3215.174688057039,-3.4279545454545453,-0.28318181818181815,NA,302,29,NA,NA,NA,NA,NA,NA,NA,NA,NA,NA,NA,NA,NA,NA,NA,NA,NA,NA,NA,NA,NA
K059,wet,37551.27273,0.804340909,0.468681818,35990.03743,0.048270321,0,Transition,20.706267879285285,NA,NA,NA,0.1567247149085325,572,77,NA,NA,0.94,14.07,Organic,O,2,Chesapeake Bay,38.4292,-76.2374,NA,NA,Tidal River,1,Light Chocolate,Brown,10YR5/3,#8D765A,141,118,90
K059,dry,7478.4,2.6472,0.2544,7478.4,2.6472,0.2544,Upland,1.5456286699434068,26319.564705882345,-2.6472,-0.25439999999999996,0.15437870917245358,183,88,NA,NA,1.07,31.36,Organic,O,2,Chesapeake Bay,38.4292,-76.2374,NA,NA,Tidal River,1,Light Chocolate,Brown,10YR5/3,#8D765A,141,118,90
K059,wet,35359.2,0.44136,0.33768,33797.96471,0,0,Upland,1.5456286699434068,26319.564705882345,-2.6472,-0.25439999999999996,0.15437870917245358,183,88,NA,NA,1.07,31.36,Organic,O,2,Chesapeake Bay,38.4292,-76.2374,NA,NA,Tidal River,1,Light Chocolate,Brown,10YR5/3,#8D765A,141,118,90
K059,dry,46256.30303,1.630621212,0.000845455,46256.30303,1.630621212,0.000845455,Wetland,12.928261509658276,-30795.538324420682,-1.6306212121212122,-8.454545454545454e-4,0.09578190172575685,786,64,NA,NA,1.53,16.43,Organic,O,2,Chesapeake Bay,38.4292,-76.2374,NA,NA,Tidal River,1,Light Chocolate,Brown,10YR5/3,#8D765A,141,118,90
K059,wet,17022,0.4767,0.3393,15460.76471,0,0,Wetland,12.928261509658276,-30795.538324420682,-1.6306212121212122,-8.454545454545454e-4,0.09578190172575685,786,64,NA,NA,1.53,16.43,Organic,O,2,Chesapeake Bay,38.4292,-76.2374,NA,NA,Tidal River,1,Light Chocolate,Brown,10YR5/3,#8D765A,141,118,90
K041,dry,2005.714286,1.878857143,0.329142857,2005.714286,1.878857143,0.329142857,Sediment,0.3911827081122641,647.3004201680676,-1.122927731092437,-0.3291428571428571,NA,26,1,NA,NA,NA,NA,NA,NA,NA,NA,NA,NA,NA,NA,NA,NA,NA,NA,NA,NA,NA,NA,NA
K041,wet,4214.25,1.512,0.259005,2653.014706,0.755929412,0,Sediment,0.3911827081122641,647.3004201680676,-1.122927731092437,-0.3291428571428571,NA,26,1,NA,NA,NA,NA,NA,NA,NA,NA,NA,NA,NA,NA,NA,NA,NA,NA,NA,NA,NA,NA,NA
K041,dry,21412.17391,2.149565217,0.48,21412.17391,2.149565217,0.48,Transition,1.995560370953684,-771.4319344338546,-2.1495652173913045,-0.48,0.10212093991730568,782,76,NA,NA,1.43,22.73,NA,NA,NA,NA,NA,NA,NA,NA,NA,NA,NA,NA,NA,NA,NA,NA,NA
K041,wet,22201.97727,0.399518182,0.117855,20640.74198,0,0,Transition,1.995560370953684,-771.4319344338546,-2.1495652173913045,-0.48,0.10212093991730568,782,76,NA,NA,1.43,22.73,NA,NA,NA,NA,NA,NA,NA,NA,NA,NA,NA,NA,NA,NA,NA,NA,NA
K041,dry,5375,2.365,0.26,5375,2.365,0.26,Wetland,0.26092260815515533,204.17484708902793,-2.365,-0.26,1.4813008130081302,23,2,6.02,2540,0.11,1.58,NA,NA,NA,NA,NA,NA,NA,NA,NA,NA,NA,NA,NA,NA,NA,NA,NA
K041,wet,7140.410141,0.737293325,0.257565212,5579.174847,0,0,Wetland,0.26092260815515533,204.17484708902793,-2.365,-0.26,1.4813008130081302,23,2,6.02,2540,0.11,1.58,NA,NA,NA,NA,NA,NA,NA,NA,NA,NA,NA,NA,NA,NA,NA,NA,NA
K054,wet,14117,0.825253968,0.693920635,12555.76471,0.06918338,0,Sediment,0.3151751392861516,3354.5374331550793,-5.669225710890417,-1.0908030303030305,NA,388,30,NA,NA,NA,NA,NA,NA,NA,NA,NA,NA,NA,NA,NA,NA,NA,NA,NA,NA,NA,NA,NA
K054,wet,16289.89353,1.004237197,1.860745283,14728.65824,0.248166609,0.797912695,Transition,2.620691909422585,-31248.4846202632,-1.8718333914697958,0.710198409069288,0.10288184438040346,247,87,NA,NA,1.2,24.58,Organic,A,3,Chesapeake Bay,38.9677,-75.3703,Macrophytes,3,Tidal River,1,"Grey, Dark Chocolate",Very Dark Grayish Brown,10YR3/2,#544535,84,69,53
K054,wet,36918,0.84375,0.3168,35356.76471,0.087679412,0,Upland,0.385608889017918,9926.261729691876,-1.372975350140056,-0.22996607142857145,0.5898000347302489,16,11,3.95,56.9,0.57,10.24,Organic,A,3,Chesapeake Bay,38.9677,-75.3703,Macrophytes,3,Tidal River,1,"Grey, Dark Chocolate",Very Dark Grayish Brown,10YR3/2,#544535,84,69,53
K054,wet,29148,1.208421429,1.344042857,27586.76471,0.45235084,0.281210269,Wetland,1.249987709556471,9905.75435391548,-1.1857154122518576,-0.7497379712580685,0.20635269831304945,389,45,NA,NA,0.92,12.76,Organic,O,2,Chesapeake Bay,38.9677,-75.3703,Macrophytes,3,Tidal River,1,"Grey, Dark Chocolate",Very Dark Grayish Brown,10YR3/2,#544535,84,69,53
K054,dry,9201.227273,5.738409091,1.09080303,9201.227273,5.738409091,1.09080303,Sediment,0.3151751392861516,3354.5374331550793,-5.669225710890417,-1.0908030303030305,NA,388,30,NA,NA,NA,NA,NA,NA,NA,NA,NA,NA,NA,NA,NA,NA,NA,NA,NA,NA,NA,NA,NA
K054,dry,45977.14286,2.12,0.087714286,45977.14286,2.12,0.087714286,Transition,2.620691909422585,-31248.4846202632,-1.8718333914697958,0.710198409069288,0.10288184438040346,247,87,NA,NA,1.2,24.58,Organic,A,3,Chesapeake Bay,38.9677,-75.3703,Macrophytes,3,Tidal River,1,"Grey, Dark Chocolate",Very Dark Grayish Brown,10YR3/2,#544535,84,69,53
K054,dry,25430.50298,1.460654762,0.229966071,25430.50298,1.460654762,0.229966071,Upland,0.385608889017918,9926.261729691876,-1.372975350140056,-0.22996607142857145,0.5898000347302489,16,11,3.95,56.9,0.57,10.24,Organic,A,3,Chesapeake Bay,38.9677,-75.3703,Macrophytes,3,Tidal River,1,"Grey, Dark Chocolate",Very Dark Grayish Brown,10YR3/2,#544535,84,69,53
K054,dry,17681.01035,1.638066253,1.03094824,17681.01035,1.638066253,1.03094824,Wetland,1.249987709556471,9905.75435391548,-1.1857154122518576,-0.7497379712580685,0.20635269831304945,389,45,NA,NA,0.92,12.76,Organic,O,2,Chesapeake Bay,38.9677,-75.3703,Macrophytes,3,Tidal River,1,"Grey, Dark Chocolate",Very Dark Grayish Brown,10YR3/2,#544535,84,69,53
K044,dry,11031.5697,4.183484848,0.0004128,11031.5697,4.183484848,0.0004128,Sediment,61.49490675721319,-1314.3049910873451,-4.183484848484849,-4.128e-4,NA,226,13,NA,NA,NA,NA,NA,NA,NA,NA,NA,NA,NA,NA,NA,NA,NA,NA,NA,NA,NA,NA,NA
K044,wet,11278.5,0.6885,0.298995,9717.264706,0,0,Sediment,61.49490675721319,-1314.3049910873451,-4.183484848484849,-4.128e-4,NA,226,13,NA,NA,NA,NA,NA,NA,NA,NA,NA,NA,NA,NA,NA,NA,NA,NA,NA,NA,NA,NA,NA
K044,dry,12987.30849,1.401625259,1.712725673,12987.30849,1.401625259,1.712725673,Transition,0.8095188280610779,-6940.543782730483,-1.4016252587991718,8.478941738886862,0.1576407229015425,527,67,NA,NA,1.16,14.85,Organic,A,3,Chesapeake Bay,38.8837,-76.5583,None,1,Tidal River,1,Grey,Gray,10YR5/1,#80786F,128,120,111
K044,wet,7608,0.32385,11.2545,6046.764706,0,10.19166741,Transition,0.8095188280610779,-6940.543782730483,-1.4016252587991718,8.478941738886862,0.1576407229015425,527,67,NA,NA,1.16,14.85,Organic,A,3,Chesapeake Bay,38.8837,-76.5583,None,1,Tidal River,1,Grey,Gray,10YR5/1,#80786F,128,120,111
K044,dry,24943.37971,0.889018841,0.253482609,24943.37971,0.889018841,0.253482609,Upland,5.79844315738299,-8725.700918348488,-0.8890188405797101,-0.2534826086956522,0.5468707261761392,32,18,NA,NA,1.19,23.73,Organic,A,3,Chesapeake Bay,38.8837,-76.5583,None,1,Tidal River,1,Grey,Gray,10YR5/1,#80786F,128,120,111
K044,wet,17778.91409,0.551737942,0.310242206,16217.67879,0,0,Upland,5.79844315738299,-8725.700918348488,-0.8890188405797101,-0.2534826086956522,0.5468707261761392,32,18,NA,NA,1.19,23.73,Organic,A,3,Chesapeake Bay,38.8837,-76.5583,None,1,Tidal River,1,Grey,Gray,10YR5/1,#80786F,128,120,111
K044,dry,5794.953846,1.093907692,0.025027292,5794.953846,1.093907692,0.025027292,Wetland,30.803486608556533,2221.3108597285072,-0.3924282805429865,0.08904011945701375,0.33046594982078853,179,17,6.36,2730,0.5,4.77,Organic,A,3,Chesapeake Bay,38.8837,-76.5583,None,1,Tidal River,1,Grey,Gray,10YR5/1,#80786F,128,120,111
K044,wet,9577.5,1.45755,1.1769,8016.264706,0.701479412,0.114067412,Wetland,30.803486608556533,2221.3108597285072,-0.3924282805429865,0.08904011945701375,0.33046594982078853,179,17,6.36,2730,0.5,4.77,Organic,A,3,Chesapeake Bay,38.8837,-76.5583,None,1,Tidal River,1,Grey,Gray,10YR5/1,#80786F,128,120,111
K062,dry,10403.47826,1.431281465,9.218924485,10403.47826,1.431281465,9.218924485,Sediment,62.03944853823521,-4815.713554987211,-1.4312814645308924,-8.605657073361149,NA,452,15,NA,NA,NA,NA,NA,NA,NA,NA,NA,NA,NA,NA,NA,NA,NA,NA,NA,NA,NA,NA,NA
K062,wet,7149,0.6885,1.6761,5587.764706,0,0.613267412,Sediment,62.03944853823521,-4815.713554987211,-1.4312814645308924,-8.605657073361149,NA,452,15,NA,NA,NA,NA,NA,NA,NA,NA,NA,NA,NA,NA,NA,NA,NA,NA,NA,NA,NA,NA,NA
K062,dry,14273.12253,1.705173913,1.288992095,14273.12253,1.705173913,1.288992095,Transition,0.28499065624941594,17405.642176238085,-1.7051739130434784,19.734175316903045,0.377257525083612,199,31,3.99,955,0.43,6.84,Organic,A,3,Chesapeake Bay,38.8753,-76.5513,None,1,Estuary,2,Grey,Gray,10YR5/1,#80786F,128,120,111
K062,wet,33240,0.2889,22.086,31678.76471,0,21.02316741,Transition,0.28499065624941594,17405.642176238085,-1.7051739130434784,19.734175316903045,0.377257525083612,199,31,3.99,955,0.43,6.84,Organic,A,3,Chesapeake Bay,38.8753,-76.5513,None,1,Estuary,2,Grey,Gray,10YR5/1,#80786F,128,120,111
K062,dry,10045.8,0.181145455,0.435190909,10045.8,0.181145455,0.435190909,Upland,0.19476681022618217,29036.18084815321,-0.18114545454545453,1.0297432605397336,0.7722222222222223,44,14,4.81,53.4,0.5,10.06,Organic,A,3,Chesapeake Bay,38.8753,-76.5513,None,1,Estuary,2,Grey,Gray,10YR5/1,#80786F,128,120,111
K062,wet,40643.21614,0.449324897,2.527766758,39081.98085,0,1.46493417,Upland,0.19476681022618217,29036.18084815321,-0.18114545454545453,1.0297432605397336,0.7722222222222223,44,14,4.81,53.4,0.5,10.06,Organic,A,3,Chesapeake Bay,38.8753,-76.5513,None,1,Estuary,2,Grey,Gray,10YR5/1,#80786F,128,120,111
K062,dry,67423.74545,11.11167273,3.763636364,67423.74545,11.11167273,3.763636364,Wetland,104.38743990696229,-57276.31408199643,-5.083402045666751,2.465523111620407,0.24366197183098595,326,23,5.83,5280,0.76,6.83,Organic,O,2,Chesapeake Bay,38.8753,-76.5513,None,1,Estuary,2,Grey,Gray,10YR5/1,#80786F,128,120,111
K062,wet,11708.66667,6.78434127,7.291992063,10147.43137,6.028270682,6.229159475,Wetland,104.38743990696229,-57276.31408199643,-5.083402045666751,2.465523111620407,0.24366197183098595,326,23,5.83,5280,0.76,6.83,Organic,O,2,Chesapeake Bay,38.8753,-76.5513,None,1,Estuary,2,Grey,Gray,10YR5/1,#80786F,128,120,111
K052,dry,7869.130435,1.956626087,1.087252174,7869.130435,1.956626087,1.087252174,Sediment,62.20744704491515,4339.634271099742,-1.9566260869565215,0.4576652378516628,NA,275,22,NA,NA,NA,NA,NA,NA,NA,NA,NA,NA,NA,NA,NA,NA,NA,NA,NA,NA,NA,NA,NA
K052,wet,13770,0.25875,2.60775,12208.76471,0,1.544917412,Sediment,62.20744704491515,4339.634271099742,-1.9566260869565215,0.4576652378516628,NA,275,22,NA,NA,NA,NA,NA,NA,NA,NA,NA,NA,NA,NA,NA,NA,NA,NA,NA,NA,NA,NA,NA
K052,dry,1215.142857,1.268571429,0.497142857,1215.142857,1.268571429,0.497142857,Transition,0.4239208378480099,18171.121848739494,-1.268571428571429,-0.4971428571428571,1.6501374594732965,18,3,5.68,102,0.24,3.06,NA,A,3,Chesapeake Bay,38.1595,-75.7905,NA,NA,NA,NA,NA,NA,NA,NA,NA,NA,NA
K052,wet,20947.5,0.234,0.83925,19386.26471,0,0,Transition,0.4239208378480099,18171.121848739494,-1.268571428571429,-0.4971428571428571,1.6501374594732965,18,3,5.68,102,0.24,3.06,NA,A,3,Chesapeake Bay,38.1595,-75.7905,NA,NA,NA,NA,NA,NA,NA,NA,NA,NA,NA
K052,dry,1309.615385,0.999230769,0.218076923,1309.615385,0.999230769,0.218076923,Upland,0.22147303294528572,23988.815987933638,-0.9992307692307691,41.18909048868778,NA,16,4,4.93,141,0.22,3.87,NA,A,3,Chesapeake Bay,38.1595,-75.7905,NA,NA,NA,NA,NA,NA,NA,NA,NA,NA,NA
K052,wet,26859.66667,0.187891667,42.47,25298.43137,0,41.40716741,Upland,0.22147303294528572,23988.815987933638,-0.9992307692307691,41.18909048868778,NA,16,4,4.93,141,0.22,3.87,NA,A,3,Chesapeake Bay,38.1595,-75.7905,NA,NA,NA,NA,NA,NA,NA,NA,NA,NA,NA
